"citationKey","doi","entryAuthor","entryCreationDate","incubationTime","X.Alfisol.","X.Dark.grey.Luvisol.","X.Gelisols.","X.Coarse..to.fine.loamy.","X.Fine.loamy.Haplumbrepts..organic.poor..CL..","X.Coarse.loamy.Haplumbrepts..organic.rich..CH..","X.Fine.loamy.Dystrochrept..HMC..","X.organic.poor..HMC..HMH..","X.organic.rich..HOC..HOH..","X.Ulttisol.","X.Ultisol.","X.Ultisol..1","X.Ferric.podzol.","X.Dystric.cambisol.","X.Cambic.podzol.","X.Chromic.luvisol.","X.Chromic.cambisol.","X.Haplocryods..Cryochrepts.","X.Udipsamment.","X.Haplorthods..Fragiorthods.","X.Hapludults..Dystrochrepts.","X.Hapludalfs..Quartzipsamment..Endoaquults..Paleaquults..Alaquods.","X.Kanhapludults.","X.silt.loam.haplic.Luvisol.","X.Udic.Boroll.","X.Typic.Argiboroll.","X.Aridic.Paleustoll.","X.Typic.Paleustoll.","X.Hydric.Melanudand.","X.Paleudult...Kandidult.","X.Chernic.tenosol.","X.Stagnic.Cambisol.","X.Stagnic.Gleysol.","X.mor.type.humus.layer.","X.mor.type.humus.layer..1","X.mor.type.humus.layer..2","X.mor.type.humus.layer..3","X.mor.type.humus.layer..4","X.mor.type.humus.layer..5","X.mor.type.humus.layer..6","X.Cambisol.","X.Humic.anfisol.","X.Gleyic.luvisol.","X.Luvisol.","X.Dystric.cambisol..1","X.Peaty.gley.","NA_real_.","NA_real_..1","X.Cambisol..1","NA_real_..2","X.Gleyic.luvisol..1","X.Luvisol..1","X.Dystric.cambisol..2","X.Peaty.gley..1","NA_real_..3","NA_real_..4","X.Gelic.Cambisol.","X.Oxyaquic.Hapludalf.","X.Tyipc.Hapludalf.","X.Aeric.Haplaquept.","X.Mollic.Udifluvent.","X.Aquic.Haplustoll.","X.Typic.Argiudoll.","X.Orthic.Black.Chernozem.","X.Andisol.","X.Permafrost.","X.Inceptisol.cryept.","X.Gelisol.orthel.","X.Gelisol.histel.","X.Helena.series..Ultisol.","X.Typical.Haplaquept.","X.Typical.Hapludult.","X.Typical.Fluvaquent."
"Andrews2000SBB","10.1016/S0038-0717(99)00206-0","Heidi Voelkel","2016-04-27",48,"Alfisol","Dark grey Luvisol","Gelisols","Coarse- to fine loamy","Fine loamy Haplumbrepts, organic-poor (CL)","Coarse loamy Haplumbrepts, organic-rich (CH)","Fine-loamy Dystrochrept (HMC)","organic-poor (HMC, HMH)","organic-rich (HOC, HOH)","Ulttisol","Ultisol","Ultisol","Ferric podzol","Dystric cambisol","Cambic podzol","Chromic luvisol","Chromic cambisol","Haplocryods, Cryochrepts","Udipsamment","Haplorthods, Fragiorthods","Hapludults, Dystrochrepts","Hapludalfs, Quartzipsamment, Endoaquults, Paleaquults, Alaquods","Kanhapludults","silt loam haplic Luvisol","Udic Boroll","Typic Argiboroll","Aridic Paleustoll","Typic Paleustoll","Hydric Melanudand","Paleudult & Kandidult","Chernic tenosol","Stagnic Cambisol","Stagnic Gleysol","mor-type humus layer","mor-type humus layer","mor-type humus layer","mor-type humus layer","mor-type humus layer","mor-type humus layer","mor-type humus layer","Cambisol","Humic anfisol","Gleyic luvisol","Luvisol","Dystric cambisol","Peaty gley",NA,NA,"Cambisol",NA,"Gleyic luvisol","Luvisol","Dystric cambisol","Peaty gley",NA,NA,"Gelic Cambisol","Oxyaquic Hapludalf","Tyipc Hapludalf","Aeric Haplaquept","Mollic Udifluvent","Aquic Haplustoll","Typic Argiudoll","Orthic Black Chernozem","Andisol","Permafrost","Inceptisol cryept","Gelisol orthel","Gelisol histel","Helena series, Ultisol","Typical Haplaquept","Typical Hapludult","Typical Fluvaquent"
"Arevalo2012","10.2136/sssaj2011.0126","Heidi Voelkel","2016-04-27",370,"Alfisol","Dark grey Luvisol","Gelisols","Coarse- to fine loamy","Fine loamy Haplumbrepts, organic-poor (CL)","Coarse loamy Haplumbrepts, organic-rich (CH)","Fine-loamy Dystrochrept (HMC)","organic-poor (HMC, HMH)","organic-rich (HOC, HOH)","Ulttisol","Ultisol","Ultisol","Ferric podzol","Dystric cambisol","Cambic podzol","Chromic luvisol","Chromic cambisol","Haplocryods, Cryochrepts","Udipsamment","Haplorthods, Fragiorthods","Hapludults, Dystrochrepts","Hapludalfs, Quartzipsamment, Endoaquults, Paleaquults, Alaquods","Kanhapludults","silt loam haplic Luvisol","Udic Boroll","Typic Argiboroll","Aridic Paleustoll","Typic Paleustoll","Hydric Melanudand","Paleudult & Kandidult","Chernic tenosol","Stagnic Cambisol","Stagnic Gleysol","mor-type humus layer","mor-type humus layer","mor-type humus layer","mor-type humus layer","mor-type humus layer","mor-type humus layer","mor-type humus layer","Cambisol","Humic anfisol","Gleyic luvisol","Luvisol","Dystric cambisol","Peaty gley",NA,NA,"Cambisol",NA,"Gleyic luvisol","Luvisol","Dystric cambisol","Peaty gley",NA,NA,"Gelic Cambisol","Oxyaquic Hapludalf","Tyipc Hapludalf","Aeric Haplaquept","Mollic Udifluvent","Aquic Haplustoll","Typic Argiudoll","Orthic Black Chernozem","Andisol","Permafrost","Inceptisol cryept","Gelisol orthel","Gelisol histel","Helena series, Ultisol","Typical Haplaquept","Typical Hapludult","Typical Fluvaquent"
"Barrett2006","10.1016/j.soilbio.2006.03.025","Heidi Voelkel","2016-05-09",120,"Alfisol","Dark grey Luvisol","Gelisols","Coarse- to fine loamy","Fine loamy Haplumbrepts, organic-poor (CL)","Coarse loamy Haplumbrepts, organic-rich (CH)","Fine-loamy Dystrochrept (HMC)","organic-poor (HMC, HMH)","organic-rich (HOC, HOH)","Ulttisol","Ultisol","Ultisol","Ferric podzol","Dystric cambisol","Cambic podzol","Chromic luvisol","Chromic cambisol","Haplocryods, Cryochrepts","Udipsamment","Haplorthods, Fragiorthods","Hapludults, Dystrochrepts","Hapludalfs, Quartzipsamment, Endoaquults, Paleaquults, Alaquods","Kanhapludults","silt loam haplic Luvisol","Udic Boroll","Typic Argiboroll","Aridic Paleustoll","Typic Paleustoll","Hydric Melanudand","Paleudult & Kandidult","Chernic tenosol","Stagnic Cambisol","Stagnic Gleysol","mor-type humus layer","mor-type humus layer","mor-type humus layer","mor-type humus layer","mor-type humus layer","mor-type humus layer","mor-type humus layer","Cambisol","Humic anfisol","Gleyic luvisol","Luvisol","Dystric cambisol","Peaty gley",NA,NA,"Cambisol",NA,"Gleyic luvisol","Luvisol","Dystric cambisol","Peaty gley",NA,NA,"Gelic Cambisol","Oxyaquic Hapludalf","Tyipc Hapludalf","Aeric Haplaquept","Mollic Udifluvent","Aquic Haplustoll","Typic Argiudoll","Orthic Black Chernozem","Andisol","Permafrost","Inceptisol cryept","Gelisol orthel","Gelisol histel","Helena series, Ultisol","Typical Haplaquept","Typical Hapludult","Typical Fluvaquent"
"Bradford2010","10.1111/j.1365-2486.2009.02040.x","Heidi Voelkel","2016-07-11",77,"Alfisol","Dark grey Luvisol","Gelisols","Coarse- to fine loamy","Fine loamy Haplumbrepts, organic-poor (CL)","Coarse loamy Haplumbrepts, organic-rich (CH)","Fine-loamy Dystrochrept (HMC)","organic-poor (HMC, HMH)","organic-rich (HOC, HOH)","Ulttisol","Ultisol","Ultisol","Ferric podzol","Dystric cambisol","Cambic podzol","Chromic luvisol","Chromic cambisol","Haplocryods, Cryochrepts","Udipsamment","Haplorthods, Fragiorthods","Hapludults, Dystrochrepts","Hapludalfs, Quartzipsamment, Endoaquults, Paleaquults, Alaquods","Kanhapludults","silt loam haplic Luvisol","Udic Boroll","Typic Argiboroll","Aridic Paleustoll","Typic Paleustoll","Hydric Melanudand","Paleudult & Kandidult","Chernic tenosol","Stagnic Cambisol","Stagnic Gleysol","mor-type humus layer","mor-type humus layer","mor-type humus layer","mor-type humus layer","mor-type humus layer","mor-type humus layer","mor-type humus layer","Cambisol","Humic anfisol","Gleyic luvisol","Luvisol","Dystric cambisol","Peaty gley",NA,NA,"Cambisol",NA,"Gleyic luvisol","Luvisol","Dystric cambisol","Peaty gley",NA,NA,"Gelic Cambisol","Oxyaquic Hapludalf","Tyipc Hapludalf","Aeric Haplaquept","Mollic Udifluvent","Aquic Haplustoll","Typic Argiudoll","Orthic Black Chernozem","Andisol","Permafrost","Inceptisol cryept","Gelisol orthel","Gelisol histel","Helena series, Ultisol","Typical Haplaquept","Typical Hapludult","Typical Fluvaquent"
"Chen2010","10.1016/j.soilbio.2010.08.030","Heidi Voelkel","2016-07-25",1,"Alfisol","Dark grey Luvisol","Gelisols","Coarse- to fine loamy","Fine loamy Haplumbrepts, organic-poor (CL)","Coarse loamy Haplumbrepts, organic-rich (CH)","Fine-loamy Dystrochrept (HMC)","organic-poor (HMC, HMH)","organic-rich (HOC, HOH)","Ulttisol","Ultisol","Ultisol","Ferric podzol","Dystric cambisol","Cambic podzol","Chromic luvisol","Chromic cambisol","Haplocryods, Cryochrepts","Udipsamment","Haplorthods, Fragiorthods","Hapludults, Dystrochrepts","Hapludalfs, Quartzipsamment, Endoaquults, Paleaquults, Alaquods","Kanhapludults","silt loam haplic Luvisol","Udic Boroll","Typic Argiboroll","Aridic Paleustoll","Typic Paleustoll","Hydric Melanudand","Paleudult & Kandidult","Chernic tenosol","Stagnic Cambisol","Stagnic Gleysol","mor-type humus layer","mor-type humus layer","mor-type humus layer","mor-type humus layer","mor-type humus layer","mor-type humus layer","mor-type humus layer","Cambisol","Humic anfisol","Gleyic luvisol","Luvisol","Dystric cambisol","Peaty gley",NA,NA,"Cambisol",NA,"Gleyic luvisol","Luvisol","Dystric cambisol","Peaty gley",NA,NA,"Gelic Cambisol","Oxyaquic Hapludalf","Tyipc Hapludalf","Aeric Haplaquept","Mollic Udifluvent","Aquic Haplustoll","Typic Argiudoll","Orthic Black Chernozem","Andisol","Permafrost","Inceptisol cryept","Gelisol orthel","Gelisol histel","Helena series, Ultisol","Typical Haplaquept","Typical Hapludult","Typical Fluvaquent"
"Conant2008a","10.1111/j.1365-2486.2008.01541.x","Heidi Voelkel","2016-07-26",336,"Alfisol","Dark grey Luvisol","Gelisols","Coarse- to fine loamy","Fine loamy Haplumbrepts, organic-poor (CL)","Coarse loamy Haplumbrepts, organic-rich (CH)","Fine-loamy Dystrochrept (HMC)","organic-poor (HMC, HMH)","organic-rich (HOC, HOH)","Ulttisol","Ultisol","Ultisol","Ferric podzol","Dystric cambisol","Cambic podzol","Chromic luvisol","Chromic cambisol","Haplocryods, Cryochrepts","Udipsamment","Haplorthods, Fragiorthods","Hapludults, Dystrochrepts","Hapludalfs, Quartzipsamment, Endoaquults, Paleaquults, Alaquods","Kanhapludults","silt loam haplic Luvisol","Udic Boroll","Typic Argiboroll","Aridic Paleustoll","Typic Paleustoll","Hydric Melanudand","Paleudult & Kandidult","Chernic tenosol","Stagnic Cambisol","Stagnic Gleysol","mor-type humus layer","mor-type humus layer","mor-type humus layer","mor-type humus layer","mor-type humus layer","mor-type humus layer","mor-type humus layer","Cambisol","Humic anfisol","Gleyic luvisol","Luvisol","Dystric cambisol","Peaty gley",NA,NA,"Cambisol",NA,"Gleyic luvisol","Luvisol","Dystric cambisol","Peaty gley",NA,NA,"Gelic Cambisol","Oxyaquic Hapludalf","Tyipc Hapludalf","Aeric Haplaquept","Mollic Udifluvent","Aquic Haplustoll","Typic Argiudoll","Orthic Black Chernozem","Andisol","Permafrost","Inceptisol cryept","Gelisol orthel","Gelisol histel","Helena series, Ultisol","Typical Haplaquept","Typical Hapludult","Typical Fluvaquent"
"Conant2008b","10.1890/08-0137.1","Heidi Voelkel","2016-07-26",589,"Alfisol","Dark grey Luvisol","Gelisols","Coarse- to fine loamy","Fine loamy Haplumbrepts, organic-poor (CL)","Coarse loamy Haplumbrepts, organic-rich (CH)","Fine-loamy Dystrochrept (HMC)","organic-poor (HMC, HMH)","organic-rich (HOC, HOH)","Ulttisol","Ultisol","Ultisol","Ferric podzol","Dystric cambisol","Cambic podzol","Chromic luvisol","Chromic cambisol","Haplocryods, Cryochrepts","Udipsamment","Haplorthods, Fragiorthods","Hapludults, Dystrochrepts","Hapludalfs, Quartzipsamment, Endoaquults, Paleaquults, Alaquods","Kanhapludults","silt loam haplic Luvisol","Udic Boroll","Typic Argiboroll","Aridic Paleustoll","Typic Paleustoll","Hydric Melanudand","Paleudult & Kandidult","Chernic tenosol","Stagnic Cambisol","Stagnic Gleysol","mor-type humus layer","mor-type humus layer","mor-type humus layer","mor-type humus layer","mor-type humus layer","mor-type humus layer","mor-type humus layer","Cambisol","Humic anfisol","Gleyic luvisol","Luvisol","Dystric cambisol","Peaty gley",NA,NA,"Cambisol",NA,"Gleyic luvisol","Luvisol","Dystric cambisol","Peaty gley",NA,NA,"Gelic Cambisol","Oxyaquic Hapludalf","Tyipc Hapludalf","Aeric Haplaquept","Mollic Udifluvent","Aquic Haplustoll","Typic Argiudoll","Orthic Black Chernozem","Andisol","Permafrost","Inceptisol cryept","Gelisol orthel","Gelisol histel","Helena series, Ultisol","Typical Haplaquept","Typical Hapludult","Typical Fluvaquent"
"Craine2010NatGeo","10.1038/NGEO1009","Maddie Tilyou","2016-07-25",360,"Alfisol","Dark grey Luvisol","Gelisols","Coarse- to fine loamy","Fine loamy Haplumbrepts, organic-poor (CL)","Coarse loamy Haplumbrepts, organic-rich (CH)","Fine-loamy Dystrochrept (HMC)","organic-poor (HMC, HMH)","organic-rich (HOC, HOH)","Ulttisol","Ultisol","Ultisol","Ferric podzol","Dystric cambisol","Cambic podzol","Chromic luvisol","Chromic cambisol","Haplocryods, Cryochrepts","Udipsamment","Haplorthods, Fragiorthods","Hapludults, Dystrochrepts","Hapludalfs, Quartzipsamment, Endoaquults, Paleaquults, Alaquods","Kanhapludults","silt loam haplic Luvisol","Udic Boroll","Typic Argiboroll","Aridic Paleustoll","Typic Paleustoll","Hydric Melanudand","Paleudult & Kandidult","Chernic tenosol","Stagnic Cambisol","Stagnic Gleysol","mor-type humus layer","mor-type humus layer","mor-type humus layer","mor-type humus layer","mor-type humus layer","mor-type humus layer","mor-type humus layer","Cambisol","Humic anfisol","Gleyic luvisol","Luvisol","Dystric cambisol","Peaty gley",NA,NA,"Cambisol",NA,"Gleyic luvisol","Luvisol","Dystric cambisol","Peaty gley",NA,NA,"Gelic Cambisol","Oxyaquic Hapludalf","Tyipc Hapludalf","Aeric Haplaquept","Mollic Udifluvent","Aquic Haplustoll","Typic Argiudoll","Orthic Black Chernozem","Andisol","Permafrost","Inceptisol cryept","Gelisol orthel","Gelisol histel","Helena series, Ultisol","Typical Haplaquept","Typical Hapludult","Typical Fluvaquent"
"CurielYuste2007","10.1111/j.1365-2486.2007.01415.x","Heidi Voelkel","2016-08-02",111,"Alfisol","Dark grey Luvisol","Gelisols","Coarse- to fine loamy","Fine loamy Haplumbrepts, organic-poor (CL)","Coarse loamy Haplumbrepts, organic-rich (CH)","Fine-loamy Dystrochrept (HMC)","organic-poor (HMC, HMH)","organic-rich (HOC, HOH)","Ulttisol","Ultisol","Ultisol","Ferric podzol","Dystric cambisol","Cambic podzol","Chromic luvisol","Chromic cambisol","Haplocryods, Cryochrepts","Udipsamment","Haplorthods, Fragiorthods","Hapludults, Dystrochrepts","Hapludalfs, Quartzipsamment, Endoaquults, Paleaquults, Alaquods","Kanhapludults","silt loam haplic Luvisol","Udic Boroll","Typic Argiboroll","Aridic Paleustoll","Typic Paleustoll","Hydric Melanudand","Paleudult & Kandidult","Chernic tenosol","Stagnic Cambisol","Stagnic Gleysol","mor-type humus layer","mor-type humus layer","mor-type humus layer","mor-type humus layer","mor-type humus layer","mor-type humus layer","mor-type humus layer","Cambisol","Humic anfisol","Gleyic luvisol","Luvisol","Dystric cambisol","Peaty gley",NA,NA,"Cambisol",NA,"Gleyic luvisol","Luvisol","Dystric cambisol","Peaty gley",NA,NA,"Gelic Cambisol","Oxyaquic Hapludalf","Tyipc Hapludalf","Aeric Haplaquept","Mollic Udifluvent","Aquic Haplustoll","Typic Argiudoll","Orthic Black Chernozem","Andisol","Permafrost","Inceptisol cryept","Gelisol orthel","Gelisol histel","Helena series, Ultisol","Typical Haplaquept","Typical Hapludult","Typical Fluvaquent"
"Cusack2010GCB","10.1111/j.1365-2486.2009.02131.x","Maddie Tilyou","2016-06-21",245,"Alfisol","Dark grey Luvisol","Gelisols","Coarse- to fine loamy","Fine loamy Haplumbrepts, organic-poor (CL)","Coarse loamy Haplumbrepts, organic-rich (CH)","Fine-loamy Dystrochrept (HMC)","organic-poor (HMC, HMH)","organic-rich (HOC, HOH)","Ulttisol","Ultisol","Ultisol","Ferric podzol","Dystric cambisol","Cambic podzol","Chromic luvisol","Chromic cambisol","Haplocryods, Cryochrepts","Udipsamment","Haplorthods, Fragiorthods","Hapludults, Dystrochrepts","Hapludalfs, Quartzipsamment, Endoaquults, Paleaquults, Alaquods","Kanhapludults","silt loam haplic Luvisol","Udic Boroll","Typic Argiboroll","Aridic Paleustoll","Typic Paleustoll","Hydric Melanudand","Paleudult & Kandidult","Chernic tenosol","Stagnic Cambisol","Stagnic Gleysol","mor-type humus layer","mor-type humus layer","mor-type humus layer","mor-type humus layer","mor-type humus layer","mor-type humus layer","mor-type humus layer","Cambisol","Humic anfisol","Gleyic luvisol","Luvisol","Dystric cambisol","Peaty gley",NA,NA,"Cambisol",NA,"Gleyic luvisol","Luvisol","Dystric cambisol","Peaty gley",NA,NA,"Gelic Cambisol","Oxyaquic Hapludalf","Tyipc Hapludalf","Aeric Haplaquept","Mollic Udifluvent","Aquic Haplustoll","Typic Argiudoll","Orthic Black Chernozem","Andisol","Permafrost","Inceptisol cryept","Gelisol orthel","Gelisol histel","Helena series, Ultisol","Typical Haplaquept","Typical Hapludult","Typical Fluvaquent"
"Dalias2001b","10.1046/j.1365-2486.2001.00386.x","Heidi Voelkel","2016-08-10",550,"Alfisol","Dark grey Luvisol","Gelisols","Coarse- to fine loamy","Fine loamy Haplumbrepts, organic-poor (CL)","Coarse loamy Haplumbrepts, organic-rich (CH)","Fine-loamy Dystrochrept (HMC)","organic-poor (HMC, HMH)","organic-rich (HOC, HOH)","Ulttisol","Ultisol","Ultisol","Ferric podzol","Dystric cambisol","Cambic podzol","Chromic luvisol","Chromic cambisol","Haplocryods, Cryochrepts","Udipsamment","Haplorthods, Fragiorthods","Hapludults, Dystrochrepts","Hapludalfs, Quartzipsamment, Endoaquults, Paleaquults, Alaquods","Kanhapludults","silt loam haplic Luvisol","Udic Boroll","Typic Argiboroll","Aridic Paleustoll","Typic Paleustoll","Hydric Melanudand","Paleudult & Kandidult","Chernic tenosol","Stagnic Cambisol","Stagnic Gleysol","mor-type humus layer","mor-type humus layer","mor-type humus layer","mor-type humus layer","mor-type humus layer","mor-type humus layer","mor-type humus layer","Cambisol","Humic anfisol","Gleyic luvisol","Luvisol","Dystric cambisol","Peaty gley",NA,NA,"Cambisol",NA,"Gleyic luvisol","Luvisol","Dystric cambisol","Peaty gley",NA,NA,"Gelic Cambisol","Oxyaquic Hapludalf","Tyipc Hapludalf","Aeric Haplaquept","Mollic Udifluvent","Aquic Haplustoll","Typic Argiudoll","Orthic Black Chernozem","Andisol","Permafrost","Inceptisol cryept","Gelisol orthel","Gelisol histel","Helena series, Ultisol","Typical Haplaquept","Typical Hapludult","Typical Fluvaquent"
"Fang2005","10.1038/nature03138","Heidi Voelkel","2016-08-19",108,"Alfisol","Dark grey Luvisol","Gelisols","Coarse- to fine loamy","Fine loamy Haplumbrepts, organic-poor (CL)","Coarse loamy Haplumbrepts, organic-rich (CH)","Fine-loamy Dystrochrept (HMC)","organic-poor (HMC, HMH)","organic-rich (HOC, HOH)","Ulttisol","Ultisol","Ultisol","Ferric podzol","Dystric cambisol","Cambic podzol","Chromic luvisol","Chromic cambisol","Haplocryods, Cryochrepts","Udipsamment","Haplorthods, Fragiorthods","Hapludults, Dystrochrepts","Hapludalfs, Quartzipsamment, Endoaquults, Paleaquults, Alaquods","Kanhapludults","silt loam haplic Luvisol","Udic Boroll","Typic Argiboroll","Aridic Paleustoll","Typic Paleustoll","Hydric Melanudand","Paleudult & Kandidult","Chernic tenosol","Stagnic Cambisol","Stagnic Gleysol","mor-type humus layer","mor-type humus layer","mor-type humus layer","mor-type humus layer","mor-type humus layer","mor-type humus layer","mor-type humus layer","Cambisol","Humic anfisol","Gleyic luvisol","Luvisol","Dystric cambisol","Peaty gley",NA,NA,"Cambisol",NA,"Gleyic luvisol","Luvisol","Dystric cambisol","Peaty gley",NA,NA,"Gelic Cambisol","Oxyaquic Hapludalf","Tyipc Hapludalf","Aeric Haplaquept","Mollic Udifluvent","Aquic Haplustoll","Typic Argiudoll","Orthic Black Chernozem","Andisol","Permafrost","Inceptisol cryept","Gelisol orthel","Gelisol histel","Helena series, Ultisol","Typical Haplaquept","Typical Hapludult","Typical Fluvaquent"
"Fissore2009","10.1111/j.1365-2486.2009.01903.x","Heidi Voelkel","2016-08-19",525,"Alfisol","Dark grey Luvisol","Gelisols","Coarse- to fine loamy","Fine loamy Haplumbrepts, organic-poor (CL)","Coarse loamy Haplumbrepts, organic-rich (CH)","Fine-loamy Dystrochrept (HMC)","organic-poor (HMC, HMH)","organic-rich (HOC, HOH)","Ulttisol","Ultisol","Ultisol","Ferric podzol","Dystric cambisol","Cambic podzol","Chromic luvisol","Chromic cambisol","Haplocryods, Cryochrepts","Udipsamment","Haplorthods, Fragiorthods","Hapludults, Dystrochrepts","Hapludalfs, Quartzipsamment, Endoaquults, Paleaquults, Alaquods","Kanhapludults","silt loam haplic Luvisol","Udic Boroll","Typic Argiboroll","Aridic Paleustoll","Typic Paleustoll","Hydric Melanudand","Paleudult & Kandidult","Chernic tenosol","Stagnic Cambisol","Stagnic Gleysol","mor-type humus layer","mor-type humus layer","mor-type humus layer","mor-type humus layer","mor-type humus layer","mor-type humus layer","mor-type humus layer","Cambisol","Humic anfisol","Gleyic luvisol","Luvisol","Dystric cambisol","Peaty gley",NA,NA,"Cambisol",NA,"Gleyic luvisol","Luvisol","Dystric cambisol","Peaty gley",NA,NA,"Gelic Cambisol","Oxyaquic Hapludalf","Tyipc Hapludalf","Aeric Haplaquept","Mollic Udifluvent","Aquic Haplustoll","Typic Argiudoll","Orthic Black Chernozem","Andisol","Permafrost","Inceptisol cryept","Gelisol orthel","Gelisol histel","Helena series, Ultisol","Typical Haplaquept","Typical Hapludult","Typical Fluvaquent"
"Gillabel2010","10.1111/j.1365-2486.2009.02132.x","Heidi Voelkel","2016-08-23",176,"Alfisol","Dark grey Luvisol","Gelisols","Coarse- to fine loamy","Fine loamy Haplumbrepts, organic-poor (CL)","Coarse loamy Haplumbrepts, organic-rich (CH)","Fine-loamy Dystrochrept (HMC)","organic-poor (HMC, HMH)","organic-rich (HOC, HOH)","Ulttisol","Ultisol","Ultisol","Ferric podzol","Dystric cambisol","Cambic podzol","Chromic luvisol","Chromic cambisol","Haplocryods, Cryochrepts","Udipsamment","Haplorthods, Fragiorthods","Hapludults, Dystrochrepts","Hapludalfs, Quartzipsamment, Endoaquults, Paleaquults, Alaquods","Kanhapludults","silt loam haplic Luvisol","Udic Boroll","Typic Argiboroll","Aridic Paleustoll","Typic Paleustoll","Hydric Melanudand","Paleudult & Kandidult","Chernic tenosol","Stagnic Cambisol","Stagnic Gleysol","mor-type humus layer","mor-type humus layer","mor-type humus layer","mor-type humus layer","mor-type humus layer","mor-type humus layer","mor-type humus layer","Cambisol","Humic anfisol","Gleyic luvisol","Luvisol","Dystric cambisol","Peaty gley",NA,NA,"Cambisol",NA,"Gleyic luvisol","Luvisol","Dystric cambisol","Peaty gley",NA,NA,"Gelic Cambisol","Oxyaquic Hapludalf","Tyipc Hapludalf","Aeric Haplaquept","Mollic Udifluvent","Aquic Haplustoll","Typic Argiudoll","Orthic Black Chernozem","Andisol","Permafrost","Inceptisol cryept","Gelisol orthel","Gelisol histel","Helena series, Ultisol","Typical Haplaquept","Typical Hapludult","Typical Fluvaquent"
"Grisi1998","10.1016/S0038-0717(98)00016-9","Heidi Voelkel","2016-08-23",150,"Alfisol","Dark grey Luvisol","Gelisols","Coarse- to fine loamy","Fine loamy Haplumbrepts, organic-poor (CL)","Coarse loamy Haplumbrepts, organic-rich (CH)","Fine-loamy Dystrochrept (HMC)","organic-poor (HMC, HMH)","organic-rich (HOC, HOH)","Ulttisol","Ultisol","Ultisol","Ferric podzol","Dystric cambisol","Cambic podzol","Chromic luvisol","Chromic cambisol","Haplocryods, Cryochrepts","Udipsamment","Haplorthods, Fragiorthods","Hapludults, Dystrochrepts","Hapludalfs, Quartzipsamment, Endoaquults, Paleaquults, Alaquods","Kanhapludults","silt loam haplic Luvisol","Udic Boroll","Typic Argiboroll","Aridic Paleustoll","Typic Paleustoll","Hydric Melanudand","Paleudult & Kandidult","Chernic tenosol","Stagnic Cambisol","Stagnic Gleysol","mor-type humus layer","mor-type humus layer","mor-type humus layer","mor-type humus layer","mor-type humus layer","mor-type humus layer","mor-type humus layer","Cambisol","Humic anfisol","Gleyic luvisol","Luvisol","Dystric cambisol","Peaty gley",NA,NA,"Cambisol",NA,"Gleyic luvisol","Luvisol","Dystric cambisol","Peaty gley",NA,NA,"Gelic Cambisol","Oxyaquic Hapludalf","Tyipc Hapludalf","Aeric Haplaquept","Mollic Udifluvent","Aquic Haplustoll","Typic Argiudoll","Orthic Black Chernozem","Andisol","Permafrost","Inceptisol cryept","Gelisol orthel","Gelisol histel","Helena series, Ultisol","Typical Haplaquept","Typical Hapludult","Typical Fluvaquent"
"Haddix2011","10.2136/sssaj2010.0118","Heidi Voelkel","2016-08-24",588,"Alfisol","Dark grey Luvisol","Gelisols","Coarse- to fine loamy","Fine loamy Haplumbrepts, organic-poor (CL)","Coarse loamy Haplumbrepts, organic-rich (CH)","Fine-loamy Dystrochrept (HMC)","organic-poor (HMC, HMH)","organic-rich (HOC, HOH)","Ulttisol","Ultisol","Ultisol","Ferric podzol","Dystric cambisol","Cambic podzol","Chromic luvisol","Chromic cambisol","Haplocryods, Cryochrepts","Udipsamment","Haplorthods, Fragiorthods","Hapludults, Dystrochrepts","Hapludalfs, Quartzipsamment, Endoaquults, Paleaquults, Alaquods","Kanhapludults","silt loam haplic Luvisol","Udic Boroll","Typic Argiboroll","Aridic Paleustoll","Typic Paleustoll","Hydric Melanudand","Paleudult & Kandidult","Chernic tenosol","Stagnic Cambisol","Stagnic Gleysol","mor-type humus layer","mor-type humus layer","mor-type humus layer","mor-type humus layer","mor-type humus layer","mor-type humus layer","mor-type humus layer","Cambisol","Humic anfisol","Gleyic luvisol","Luvisol","Dystric cambisol","Peaty gley",NA,NA,"Cambisol",NA,"Gleyic luvisol","Luvisol","Dystric cambisol","Peaty gley",NA,NA,"Gelic Cambisol","Oxyaquic Hapludalf","Tyipc Hapludalf","Aeric Haplaquept","Mollic Udifluvent","Aquic Haplustoll","Typic Argiudoll","Orthic Black Chernozem","Andisol","Permafrost","Inceptisol cryept","Gelisol orthel","Gelisol histel","Helena series, Ultisol","Typical Haplaquept","Typical Hapludult","Typical Fluvaquent"
"Hartley2008","10.1111/j.1461-0248.2008.01223.x","Heidi Voelkel","2016-08-30",200,"Alfisol","Dark grey Luvisol","Gelisols","Coarse- to fine loamy","Fine loamy Haplumbrepts, organic-poor (CL)","Coarse loamy Haplumbrepts, organic-rich (CH)","Fine-loamy Dystrochrept (HMC)","organic-poor (HMC, HMH)","organic-rich (HOC, HOH)","Ulttisol","Ultisol","Ultisol","Ferric podzol","Dystric cambisol","Cambic podzol","Chromic luvisol","Chromic cambisol","Haplocryods, Cryochrepts","Udipsamment","Haplorthods, Fragiorthods","Hapludults, Dystrochrepts","Hapludalfs, Quartzipsamment, Endoaquults, Paleaquults, Alaquods","Kanhapludults","silt loam haplic Luvisol","Udic Boroll","Typic Argiboroll","Aridic Paleustoll","Typic Paleustoll","Hydric Melanudand","Paleudult & Kandidult","Chernic tenosol","Stagnic Cambisol","Stagnic Gleysol","mor-type humus layer","mor-type humus layer","mor-type humus layer","mor-type humus layer","mor-type humus layer","mor-type humus layer","mor-type humus layer","Cambisol","Humic anfisol","Gleyic luvisol","Luvisol","Dystric cambisol","Peaty gley",NA,NA,"Cambisol",NA,"Gleyic luvisol","Luvisol","Dystric cambisol","Peaty gley",NA,NA,"Gelic Cambisol","Oxyaquic Hapludalf","Tyipc Hapludalf","Aeric Haplaquept","Mollic Udifluvent","Aquic Haplustoll","Typic Argiudoll","Orthic Black Chernozem","Andisol","Permafrost","Inceptisol cryept","Gelisol orthel","Gelisol histel","Helena series, Ultisol","Typical Haplaquept","Typical Hapludult","Typical Fluvaquent"
"HartleyIneson2008","10.1016/j.soilbio.2008.01.007","Heidi Voelkel","2016-08-30",NA,"Alfisol","Dark grey Luvisol","Gelisols","Coarse- to fine loamy","Fine loamy Haplumbrepts, organic-poor (CL)","Coarse loamy Haplumbrepts, organic-rich (CH)","Fine-loamy Dystrochrept (HMC)","organic-poor (HMC, HMH)","organic-rich (HOC, HOH)","Ulttisol","Ultisol","Ultisol","Ferric podzol","Dystric cambisol","Cambic podzol","Chromic luvisol","Chromic cambisol","Haplocryods, Cryochrepts","Udipsamment","Haplorthods, Fragiorthods","Hapludults, Dystrochrepts","Hapludalfs, Quartzipsamment, Endoaquults, Paleaquults, Alaquods","Kanhapludults","silt loam haplic Luvisol","Udic Boroll","Typic Argiboroll","Aridic Paleustoll","Typic Paleustoll","Hydric Melanudand","Paleudult & Kandidult","Chernic tenosol","Stagnic Cambisol","Stagnic Gleysol","mor-type humus layer","mor-type humus layer","mor-type humus layer","mor-type humus layer","mor-type humus layer","mor-type humus layer","mor-type humus layer","Cambisol","Humic anfisol","Gleyic luvisol","Luvisol","Dystric cambisol","Peaty gley",NA,NA,"Cambisol",NA,"Gleyic luvisol","Luvisol","Dystric cambisol","Peaty gley",NA,NA,"Gelic Cambisol","Oxyaquic Hapludalf","Tyipc Hapludalf","Aeric Haplaquept","Mollic Udifluvent","Aquic Haplustoll","Typic Argiudoll","Orthic Black Chernozem","Andisol","Permafrost","Inceptisol cryept","Gelisol orthel","Gelisol histel","Helena series, Ultisol","Typical Haplaquept","Typical Hapludult","Typical Fluvaquent"
"Hopkins2006","10.1016/j.soilbio.2006.01.012","Heidi Voelkel","2016-09-20",48,"Alfisol","Dark grey Luvisol","Gelisols","Coarse- to fine loamy","Fine loamy Haplumbrepts, organic-poor (CL)","Coarse loamy Haplumbrepts, organic-rich (CH)","Fine-loamy Dystrochrept (HMC)","organic-poor (HMC, HMH)","organic-rich (HOC, HOH)","Ulttisol","Ultisol","Ultisol","Ferric podzol","Dystric cambisol","Cambic podzol","Chromic luvisol","Chromic cambisol","Haplocryods, Cryochrepts","Udipsamment","Haplorthods, Fragiorthods","Hapludults, Dystrochrepts","Hapludalfs, Quartzipsamment, Endoaquults, Paleaquults, Alaquods","Kanhapludults","silt loam haplic Luvisol","Udic Boroll","Typic Argiboroll","Aridic Paleustoll","Typic Paleustoll","Hydric Melanudand","Paleudult & Kandidult","Chernic tenosol","Stagnic Cambisol","Stagnic Gleysol","mor-type humus layer","mor-type humus layer","mor-type humus layer","mor-type humus layer","mor-type humus layer","mor-type humus layer","mor-type humus layer","Cambisol","Humic anfisol","Gleyic luvisol","Luvisol","Dystric cambisol","Peaty gley",NA,NA,"Cambisol",NA,"Gleyic luvisol","Luvisol","Dystric cambisol","Peaty gley",NA,NA,"Gelic Cambisol","Oxyaquic Hapludalf","Tyipc Hapludalf","Aeric Haplaquept","Mollic Udifluvent","Aquic Haplustoll","Typic Argiudoll","Orthic Black Chernozem","Andisol","Permafrost","Inceptisol cryept","Gelisol orthel","Gelisol histel","Helena series, Ultisol","Typical Haplaquept","Typical Hapludult","Typical Fluvaquent"
"JenkinsAdams2011","10.1016/j.soilbio.2011.02.017","Heidi Voelkel","2016-09-22",120,"Alfisol","Dark grey Luvisol","Gelisols","Coarse- to fine loamy","Fine loamy Haplumbrepts, organic-poor (CL)","Coarse loamy Haplumbrepts, organic-rich (CH)","Fine-loamy Dystrochrept (HMC)","organic-poor (HMC, HMH)","organic-rich (HOC, HOH)","Ulttisol","Ultisol","Ultisol","Ferric podzol","Dystric cambisol","Cambic podzol","Chromic luvisol","Chromic cambisol","Haplocryods, Cryochrepts","Udipsamment","Haplorthods, Fragiorthods","Hapludults, Dystrochrepts","Hapludalfs, Quartzipsamment, Endoaquults, Paleaquults, Alaquods","Kanhapludults","silt loam haplic Luvisol","Udic Boroll","Typic Argiboroll","Aridic Paleustoll","Typic Paleustoll","Hydric Melanudand","Paleudult & Kandidult","Chernic tenosol","Stagnic Cambisol","Stagnic Gleysol","mor-type humus layer","mor-type humus layer","mor-type humus layer","mor-type humus layer","mor-type humus layer","mor-type humus layer","mor-type humus layer","Cambisol","Humic anfisol","Gleyic luvisol","Luvisol","Dystric cambisol","Peaty gley",NA,NA,"Cambisol",NA,"Gleyic luvisol","Luvisol","Dystric cambisol","Peaty gley",NA,NA,"Gelic Cambisol","Oxyaquic Hapludalf","Tyipc Hapludalf","Aeric Haplaquept","Mollic Udifluvent","Aquic Haplustoll","Typic Argiudoll","Orthic Black Chernozem","Andisol","Permafrost","Inceptisol cryept","Gelisol orthel","Gelisol histel","Helena series, Ultisol","Typical Haplaquept","Typical Hapludult","Typical Fluvaquent"
"Lavoie2011JGR","10.1029/2010JG001629","Maddie Tilyou","2016-10-13",924,"Alfisol","Dark grey Luvisol","Gelisols","Coarse- to fine loamy","Fine loamy Haplumbrepts, organic-poor (CL)","Coarse loamy Haplumbrepts, organic-rich (CH)","Fine-loamy Dystrochrept (HMC)","organic-poor (HMC, HMH)","organic-rich (HOC, HOH)","Ulttisol","Ultisol","Ultisol","Ferric podzol","Dystric cambisol","Cambic podzol","Chromic luvisol","Chromic cambisol","Haplocryods, Cryochrepts","Udipsamment","Haplorthods, Fragiorthods","Hapludults, Dystrochrepts","Hapludalfs, Quartzipsamment, Endoaquults, Paleaquults, Alaquods","Kanhapludults","silt loam haplic Luvisol","Udic Boroll","Typic Argiboroll","Aridic Paleustoll","Typic Paleustoll","Hydric Melanudand","Paleudult & Kandidult","Chernic tenosol","Stagnic Cambisol","Stagnic Gleysol","mor-type humus layer","mor-type humus layer","mor-type humus layer","mor-type humus layer","mor-type humus layer","mor-type humus layer","mor-type humus layer","Cambisol","Humic anfisol","Gleyic luvisol","Luvisol","Dystric cambisol","Peaty gley",NA,NA,"Cambisol",NA,"Gleyic luvisol","Luvisol","Dystric cambisol","Peaty gley",NA,NA,"Gelic Cambisol","Oxyaquic Hapludalf","Tyipc Hapludalf","Aeric Haplaquept","Mollic Udifluvent","Aquic Haplustoll","Typic Argiudoll","Orthic Black Chernozem","Andisol","Permafrost","Inceptisol cryept","Gelisol orthel","Gelisol histel","Helena series, Ultisol","Typical Haplaquept","Typical Hapludult","Typical Fluvaquent"
"LeifeldFuhrer2005","10.1007/s10533-005-2237-4","Heidi Voelkel","2016-09-30",707,"Alfisol","Dark grey Luvisol","Gelisols","Coarse- to fine loamy","Fine loamy Haplumbrepts, organic-poor (CL)","Coarse loamy Haplumbrepts, organic-rich (CH)","Fine-loamy Dystrochrept (HMC)","organic-poor (HMC, HMH)","organic-rich (HOC, HOH)","Ulttisol","Ultisol","Ultisol","Ferric podzol","Dystric cambisol","Cambic podzol","Chromic luvisol","Chromic cambisol","Haplocryods, Cryochrepts","Udipsamment","Haplorthods, Fragiorthods","Hapludults, Dystrochrepts","Hapludalfs, Quartzipsamment, Endoaquults, Paleaquults, Alaquods","Kanhapludults","silt loam haplic Luvisol","Udic Boroll","Typic Argiboroll","Aridic Paleustoll","Typic Paleustoll","Hydric Melanudand","Paleudult & Kandidult","Chernic tenosol","Stagnic Cambisol","Stagnic Gleysol","mor-type humus layer","mor-type humus layer","mor-type humus layer","mor-type humus layer","mor-type humus layer","mor-type humus layer","mor-type humus layer","Cambisol","Humic anfisol","Gleyic luvisol","Luvisol","Dystric cambisol","Peaty gley",NA,NA,"Cambisol",NA,"Gleyic luvisol","Luvisol","Dystric cambisol","Peaty gley",NA,NA,"Gelic Cambisol","Oxyaquic Hapludalf","Tyipc Hapludalf","Aeric Haplaquept","Mollic Udifluvent","Aquic Haplustoll","Typic Argiudoll","Orthic Black Chernozem","Andisol","Permafrost","Inceptisol cryept","Gelisol orthel","Gelisol histel","Helena series, Ultisol","Typical Haplaquept","Typical Hapludult","Typical Fluvaquent"
"NeffHooper2002","10.1046/j.1365-2486.2002.00517.x","Heidi Voelkel","2016-10-07",352,"Alfisol","Dark grey Luvisol","Gelisols","Coarse- to fine loamy","Fine loamy Haplumbrepts, organic-poor (CL)","Coarse loamy Haplumbrepts, organic-rich (CH)","Fine-loamy Dystrochrept (HMC)","organic-poor (HMC, HMH)","organic-rich (HOC, HOH)","Ulttisol","Ultisol","Ultisol","Ferric podzol","Dystric cambisol","Cambic podzol","Chromic luvisol","Chromic cambisol","Haplocryods, Cryochrepts","Udipsamment","Haplorthods, Fragiorthods","Hapludults, Dystrochrepts","Hapludalfs, Quartzipsamment, Endoaquults, Paleaquults, Alaquods","Kanhapludults","silt loam haplic Luvisol","Udic Boroll","Typic Argiboroll","Aridic Paleustoll","Typic Paleustoll","Hydric Melanudand","Paleudult & Kandidult","Chernic tenosol","Stagnic Cambisol","Stagnic Gleysol","mor-type humus layer","mor-type humus layer","mor-type humus layer","mor-type humus layer","mor-type humus layer","mor-type humus layer","mor-type humus layer","Cambisol","Humic anfisol","Gleyic luvisol","Luvisol","Dystric cambisol","Peaty gley",NA,NA,"Cambisol",NA,"Gleyic luvisol","Luvisol","Dystric cambisol","Peaty gley",NA,NA,"Gelic Cambisol","Oxyaquic Hapludalf","Tyipc Hapludalf","Aeric Haplaquept","Mollic Udifluvent","Aquic Haplustoll","Typic Argiudoll","Orthic Black Chernozem","Andisol","Permafrost","Inceptisol cryept","Gelisol orthel","Gelisol histel","Helena series, Ultisol","Typical Haplaquept","Typical Hapludult","Typical Fluvaquent"
"Niklinska1999","10.1023/A:1006049204600","Heidi Voelkel","2016-10-17",NA,"Alfisol","Dark grey Luvisol","Gelisols","Coarse- to fine loamy","Fine loamy Haplumbrepts, organic-poor (CL)","Coarse loamy Haplumbrepts, organic-rich (CH)","Fine-loamy Dystrochrept (HMC)","organic-poor (HMC, HMH)","organic-rich (HOC, HOH)","Ulttisol","Ultisol","Ultisol","Ferric podzol","Dystric cambisol","Cambic podzol","Chromic luvisol","Chromic cambisol","Haplocryods, Cryochrepts","Udipsamment","Haplorthods, Fragiorthods","Hapludults, Dystrochrepts","Hapludalfs, Quartzipsamment, Endoaquults, Paleaquults, Alaquods","Kanhapludults","silt loam haplic Luvisol","Udic Boroll","Typic Argiboroll","Aridic Paleustoll","Typic Paleustoll","Hydric Melanudand","Paleudult & Kandidult","Chernic tenosol","Stagnic Cambisol","Stagnic Gleysol","mor-type humus layer","mor-type humus layer","mor-type humus layer","mor-type humus layer","mor-type humus layer","mor-type humus layer","mor-type humus layer","Cambisol","Humic anfisol","Gleyic luvisol","Luvisol","Dystric cambisol","Peaty gley",NA,NA,"Cambisol",NA,"Gleyic luvisol","Luvisol","Dystric cambisol","Peaty gley",NA,NA,"Gelic Cambisol","Oxyaquic Hapludalf","Tyipc Hapludalf","Aeric Haplaquept","Mollic Udifluvent","Aquic Haplustoll","Typic Argiudoll","Orthic Black Chernozem","Andisol","Permafrost","Inceptisol cryept","Gelisol orthel","Gelisol histel","Helena series, Ultisol","Typical Haplaquept","Typical Hapludult","Typical Fluvaquent"
"Reichstein2000","10.1016/S0038-0717(00)00002-X","Heidi Voelkel","2016-10-27",104,"Alfisol","Dark grey Luvisol","Gelisols","Coarse- to fine loamy","Fine loamy Haplumbrepts, organic-poor (CL)","Coarse loamy Haplumbrepts, organic-rich (CH)","Fine-loamy Dystrochrept (HMC)","organic-poor (HMC, HMH)","organic-rich (HOC, HOH)","Ulttisol","Ultisol","Ultisol","Ferric podzol","Dystric cambisol","Cambic podzol","Chromic luvisol","Chromic cambisol","Haplocryods, Cryochrepts","Udipsamment","Haplorthods, Fragiorthods","Hapludults, Dystrochrepts","Hapludalfs, Quartzipsamment, Endoaquults, Paleaquults, Alaquods","Kanhapludults","silt loam haplic Luvisol","Udic Boroll","Typic Argiboroll","Aridic Paleustoll","Typic Paleustoll","Hydric Melanudand","Paleudult & Kandidult","Chernic tenosol","Stagnic Cambisol","Stagnic Gleysol","mor-type humus layer","mor-type humus layer","mor-type humus layer","mor-type humus layer","mor-type humus layer","mor-type humus layer","mor-type humus layer","Cambisol","Humic anfisol","Gleyic luvisol","Luvisol","Dystric cambisol","Peaty gley",NA,NA,"Cambisol",NA,"Gleyic luvisol","Luvisol","Dystric cambisol","Peaty gley",NA,NA,"Gelic Cambisol","Oxyaquic Hapludalf","Tyipc Hapludalf","Aeric Haplaquept","Mollic Udifluvent","Aquic Haplustoll","Typic Argiudoll","Orthic Black Chernozem","Andisol","Permafrost","Inceptisol cryept","Gelisol orthel","Gelisol histel","Helena series, Ultisol","Typical Haplaquept","Typical Hapludult","Typical Fluvaquent"
"Rey2008","10.1111/j.1365-2389.2008.01065.x","Heidi Voelkel","2016-11-29",270,"Alfisol","Dark grey Luvisol","Gelisols","Coarse- to fine loamy","Fine loamy Haplumbrepts, organic-poor (CL)","Coarse loamy Haplumbrepts, organic-rich (CH)","Fine-loamy Dystrochrept (HMC)","organic-poor (HMC, HMH)","organic-rich (HOC, HOH)","Ulttisol","Ultisol","Ultisol","Ferric podzol","Dystric cambisol","Cambic podzol","Chromic luvisol","Chromic cambisol","Haplocryods, Cryochrepts","Udipsamment","Haplorthods, Fragiorthods","Hapludults, Dystrochrepts","Hapludalfs, Quartzipsamment, Endoaquults, Paleaquults, Alaquods","Kanhapludults","silt loam haplic Luvisol","Udic Boroll","Typic Argiboroll","Aridic Paleustoll","Typic Paleustoll","Hydric Melanudand","Paleudult & Kandidult","Chernic tenosol","Stagnic Cambisol","Stagnic Gleysol","mor-type humus layer","mor-type humus layer","mor-type humus layer","mor-type humus layer","mor-type humus layer","mor-type humus layer","mor-type humus layer","Cambisol","Humic anfisol","Gleyic luvisol","Luvisol","Dystric cambisol","Peaty gley",NA,NA,"Cambisol",NA,"Gleyic luvisol","Luvisol","Dystric cambisol","Peaty gley",NA,NA,"Gelic Cambisol","Oxyaquic Hapludalf","Tyipc Hapludalf","Aeric Haplaquept","Mollic Udifluvent","Aquic Haplustoll","Typic Argiudoll","Orthic Black Chernozem","Andisol","Permafrost","Inceptisol cryept","Gelisol orthel","Gelisol histel","Helena series, Ultisol","Typical Haplaquept","Typical Hapludult","Typical Fluvaquent"
"ReyJarvis2006","10.1111/j.1365-2486.2006.01230.x","Heidi Voelkel","2016-10-27",270,"Alfisol","Dark grey Luvisol","Gelisols","Coarse- to fine loamy","Fine loamy Haplumbrepts, organic-poor (CL)","Coarse loamy Haplumbrepts, organic-rich (CH)","Fine-loamy Dystrochrept (HMC)","organic-poor (HMC, HMH)","organic-rich (HOC, HOH)","Ulttisol","Ultisol","Ultisol","Ferric podzol","Dystric cambisol","Cambic podzol","Chromic luvisol","Chromic cambisol","Haplocryods, Cryochrepts","Udipsamment","Haplorthods, Fragiorthods","Hapludults, Dystrochrepts","Hapludalfs, Quartzipsamment, Endoaquults, Paleaquults, Alaquods","Kanhapludults","silt loam haplic Luvisol","Udic Boroll","Typic Argiboroll","Aridic Paleustoll","Typic Paleustoll","Hydric Melanudand","Paleudult & Kandidult","Chernic tenosol","Stagnic Cambisol","Stagnic Gleysol","mor-type humus layer","mor-type humus layer","mor-type humus layer","mor-type humus layer","mor-type humus layer","mor-type humus layer","mor-type humus layer","Cambisol","Humic anfisol","Gleyic luvisol","Luvisol","Dystric cambisol","Peaty gley",NA,NA,"Cambisol",NA,"Gleyic luvisol","Luvisol","Dystric cambisol","Peaty gley",NA,NA,"Gelic Cambisol","Oxyaquic Hapludalf","Tyipc Hapludalf","Aeric Haplaquept","Mollic Udifluvent","Aquic Haplustoll","Typic Argiudoll","Orthic Black Chernozem","Andisol","Permafrost","Inceptisol cryept","Gelisol orthel","Gelisol histel","Helena series, Ultisol","Typical Haplaquept","Typical Hapludult","Typical Fluvaquent"
"Sierra2017BG","10.5194/bg-2016-474","Carlos A. Sierra","2017-01-24",35,"Alfisol","Dark grey Luvisol","Gelisols","Coarse- to fine loamy","Fine loamy Haplumbrepts, organic-poor (CL)","Coarse loamy Haplumbrepts, organic-rich (CH)","Fine-loamy Dystrochrept (HMC)","organic-poor (HMC, HMH)","organic-rich (HOC, HOH)","Ulttisol","Ultisol","Ultisol","Ferric podzol","Dystric cambisol","Cambic podzol","Chromic luvisol","Chromic cambisol","Haplocryods, Cryochrepts","Udipsamment","Haplorthods, Fragiorthods","Hapludults, Dystrochrepts","Hapludalfs, Quartzipsamment, Endoaquults, Paleaquults, Alaquods","Kanhapludults","silt loam haplic Luvisol","Udic Boroll","Typic Argiboroll","Aridic Paleustoll","Typic Paleustoll","Hydric Melanudand","Paleudult & Kandidult","Chernic tenosol","Stagnic Cambisol","Stagnic Gleysol","mor-type humus layer","mor-type humus layer","mor-type humus layer","mor-type humus layer","mor-type humus layer","mor-type humus layer","mor-type humus layer","Cambisol","Humic anfisol","Gleyic luvisol","Luvisol","Dystric cambisol","Peaty gley",NA,NA,"Cambisol",NA,"Gleyic luvisol","Luvisol","Dystric cambisol","Peaty gley",NA,NA,"Gelic Cambisol","Oxyaquic Hapludalf","Tyipc Hapludalf","Aeric Haplaquept","Mollic Udifluvent","Aquic Haplustoll","Typic Argiudoll","Orthic Black Chernozem","Andisol","Permafrost","Inceptisol cryept","Gelisol orthel","Gelisol histel","Helena series, Ultisol","Typical Haplaquept","Typical Hapludult","Typical Fluvaquent"
"Song2010","10.1016/j.ejsobi.2010.09.003","Heidi Voelkel","2017-01-06",28,"Alfisol","Dark grey Luvisol","Gelisols","Coarse- to fine loamy","Fine loamy Haplumbrepts, organic-poor (CL)","Coarse loamy Haplumbrepts, organic-rich (CH)","Fine-loamy Dystrochrept (HMC)","organic-poor (HMC, HMH)","organic-rich (HOC, HOH)","Ulttisol","Ultisol","Ultisol","Ferric podzol","Dystric cambisol","Cambic podzol","Chromic luvisol","Chromic cambisol","Haplocryods, Cryochrepts","Udipsamment","Haplorthods, Fragiorthods","Hapludults, Dystrochrepts","Hapludalfs, Quartzipsamment, Endoaquults, Paleaquults, Alaquods","Kanhapludults","silt loam haplic Luvisol","Udic Boroll","Typic Argiboroll","Aridic Paleustoll","Typic Paleustoll","Hydric Melanudand","Paleudult & Kandidult","Chernic tenosol","Stagnic Cambisol","Stagnic Gleysol","mor-type humus layer","mor-type humus layer","mor-type humus layer","mor-type humus layer","mor-type humus layer","mor-type humus layer","mor-type humus layer","Cambisol","Humic anfisol","Gleyic luvisol","Luvisol","Dystric cambisol","Peaty gley",NA,NA,"Cambisol",NA,"Gleyic luvisol","Luvisol","Dystric cambisol","Peaty gley",NA,NA,"Gelic Cambisol","Oxyaquic Hapludalf","Tyipc Hapludalf","Aeric Haplaquept","Mollic Udifluvent","Aquic Haplustoll","Typic Argiudoll","Orthic Black Chernozem","Andisol","Permafrost","Inceptisol cryept","Gelisol orthel","Gelisol histel","Helena series, Ultisol","Typical Haplaquept","Typical Hapludult","Typical Fluvaquent"
"Stewart2008SBB","10.1016/j.soilbio.2008.02.014","Maddie Tilyou","2016-10-4",544,"Alfisol","Dark grey Luvisol","Gelisols","Coarse- to fine loamy","Fine loamy Haplumbrepts, organic-poor (CL)","Coarse loamy Haplumbrepts, organic-rich (CH)","Fine-loamy Dystrochrept (HMC)","organic-poor (HMC, HMH)","organic-rich (HOC, HOH)","Ulttisol","Ultisol","Ultisol","Ferric podzol","Dystric cambisol","Cambic podzol","Chromic luvisol","Chromic cambisol","Haplocryods, Cryochrepts","Udipsamment","Haplorthods, Fragiorthods","Hapludults, Dystrochrepts","Hapludalfs, Quartzipsamment, Endoaquults, Paleaquults, Alaquods","Kanhapludults","silt loam haplic Luvisol","Udic Boroll","Typic Argiboroll","Aridic Paleustoll","Typic Paleustoll","Hydric Melanudand","Paleudult & Kandidult","Chernic tenosol","Stagnic Cambisol","Stagnic Gleysol","mor-type humus layer","mor-type humus layer","mor-type humus layer","mor-type humus layer","mor-type humus layer","mor-type humus layer","mor-type humus layer","Cambisol","Humic anfisol","Gleyic luvisol","Luvisol","Dystric cambisol","Peaty gley",NA,NA,"Cambisol",NA,"Gleyic luvisol","Luvisol","Dystric cambisol","Peaty gley",NA,NA,"Gelic Cambisol","Oxyaquic Hapludalf","Tyipc Hapludalf","Aeric Haplaquept","Mollic Udifluvent","Aquic Haplustoll","Typic Argiudoll","Orthic Black Chernozem","Andisol","Permafrost","Inceptisol cryept","Gelisol orthel","Gelisol histel","Helena series, Ultisol","Typical Haplaquept","Typical Hapludult","Typical Fluvaquent"
"Townsend1997","10.1023/A:1017942918708","Heidi Voelkel","2017-01-06",225,"Alfisol","Dark grey Luvisol","Gelisols","Coarse- to fine loamy","Fine loamy Haplumbrepts, organic-poor (CL)","Coarse loamy Haplumbrepts, organic-rich (CH)","Fine-loamy Dystrochrept (HMC)","organic-poor (HMC, HMH)","organic-rich (HOC, HOH)","Ulttisol","Ultisol","Ultisol","Ferric podzol","Dystric cambisol","Cambic podzol","Chromic luvisol","Chromic cambisol","Haplocryods, Cryochrepts","Udipsamment","Haplorthods, Fragiorthods","Hapludults, Dystrochrepts","Hapludalfs, Quartzipsamment, Endoaquults, Paleaquults, Alaquods","Kanhapludults","silt loam haplic Luvisol","Udic Boroll","Typic Argiboroll","Aridic Paleustoll","Typic Paleustoll","Hydric Melanudand","Paleudult & Kandidult","Chernic tenosol","Stagnic Cambisol","Stagnic Gleysol","mor-type humus layer","mor-type humus layer","mor-type humus layer","mor-type humus layer","mor-type humus layer","mor-type humus layer","mor-type humus layer","Cambisol","Humic anfisol","Gleyic luvisol","Luvisol","Dystric cambisol","Peaty gley",NA,NA,"Cambisol",NA,"Gleyic luvisol","Luvisol","Dystric cambisol","Peaty gley",NA,NA,"Gelic Cambisol","Oxyaquic Hapludalf","Tyipc Hapludalf","Aeric Haplaquept","Mollic Udifluvent","Aquic Haplustoll","Typic Argiudoll","Orthic Black Chernozem","Andisol","Permafrost","Inceptisol cryept","Gelisol orthel","Gelisol histel","Helena series, Ultisol","Typical Haplaquept","Typical Hapludult","Typical Fluvaquent"
"Wang2010","10.1016/S1001-0742(09)60217-5","Heidi Voelkel","2017-01-10",40,"Alfisol","Dark grey Luvisol","Gelisols","Coarse- to fine loamy","Fine loamy Haplumbrepts, organic-poor (CL)","Coarse loamy Haplumbrepts, organic-rich (CH)","Fine-loamy Dystrochrept (HMC)","organic-poor (HMC, HMH)","organic-rich (HOC, HOH)","Ulttisol","Ultisol","Ultisol","Ferric podzol","Dystric cambisol","Cambic podzol","Chromic luvisol","Chromic cambisol","Haplocryods, Cryochrepts","Udipsamment","Haplorthods, Fragiorthods","Hapludults, Dystrochrepts","Hapludalfs, Quartzipsamment, Endoaquults, Paleaquults, Alaquods","Kanhapludults","silt loam haplic Luvisol","Udic Boroll","Typic Argiboroll","Aridic Paleustoll","Typic Paleustoll","Hydric Melanudand","Paleudult & Kandidult","Chernic tenosol","Stagnic Cambisol","Stagnic Gleysol","mor-type humus layer","mor-type humus layer","mor-type humus layer","mor-type humus layer","mor-type humus layer","mor-type humus layer","mor-type humus layer","Cambisol","Humic anfisol","Gleyic luvisol","Luvisol","Dystric cambisol","Peaty gley",NA,NA,"Cambisol",NA,"Gleyic luvisol","Luvisol","Dystric cambisol","Peaty gley",NA,NA,"Gelic Cambisol","Oxyaquic Hapludalf","Tyipc Hapludalf","Aeric Haplaquept","Mollic Udifluvent","Aquic Haplustoll","Typic Argiudoll","Orthic Black Chernozem","Andisol","Permafrost","Inceptisol cryept","Gelisol orthel","Gelisol histel","Helena series, Ultisol","Typical Haplaquept","Typical Hapludult","Typical Fluvaquent"
"WicklandNeff2008","10.1007/s10533-007-9166-3","Heidi Voelkel","2017-01-26",57,"Alfisol","Dark grey Luvisol","Gelisols","Coarse- to fine loamy","Fine loamy Haplumbrepts, organic-poor (CL)","Coarse loamy Haplumbrepts, organic-rich (CH)","Fine-loamy Dystrochrept (HMC)","organic-poor (HMC, HMH)","organic-rich (HOC, HOH)","Ulttisol","Ultisol","Ultisol","Ferric podzol","Dystric cambisol","Cambic podzol","Chromic luvisol","Chromic cambisol","Haplocryods, Cryochrepts","Udipsamment","Haplorthods, Fragiorthods","Hapludults, Dystrochrepts","Hapludalfs, Quartzipsamment, Endoaquults, Paleaquults, Alaquods","Kanhapludults","silt loam haplic Luvisol","Udic Boroll","Typic Argiboroll","Aridic Paleustoll","Typic Paleustoll","Hydric Melanudand","Paleudult & Kandidult","Chernic tenosol","Stagnic Cambisol","Stagnic Gleysol","mor-type humus layer","mor-type humus layer","mor-type humus layer","mor-type humus layer","mor-type humus layer","mor-type humus layer","mor-type humus layer","Cambisol","Humic anfisol","Gleyic luvisol","Luvisol","Dystric cambisol","Peaty gley",NA,NA,"Cambisol",NA,"Gleyic luvisol","Luvisol","Dystric cambisol","Peaty gley",NA,NA,"Gelic Cambisol","Oxyaquic Hapludalf","Tyipc Hapludalf","Aeric Haplaquept","Mollic Udifluvent","Aquic Haplustoll","Typic Argiudoll","Orthic Black Chernozem","Andisol","Permafrost","Inceptisol cryept","Gelisol orthel","Gelisol histel","Helena series, Ultisol","Typical Haplaquept","Typical Hapludult","Typical Fluvaquent"
"Winkler1996","10.1016/0038-0717(96)00076-4","Heidi Voelkel","2017-01-30",120,"Alfisol","Dark grey Luvisol","Gelisols","Coarse- to fine loamy","Fine loamy Haplumbrepts, organic-poor (CL)","Coarse loamy Haplumbrepts, organic-rich (CH)","Fine-loamy Dystrochrept (HMC)","organic-poor (HMC, HMH)","organic-rich (HOC, HOH)","Ulttisol","Ultisol","Ultisol","Ferric podzol","Dystric cambisol","Cambic podzol","Chromic luvisol","Chromic cambisol","Haplocryods, Cryochrepts","Udipsamment","Haplorthods, Fragiorthods","Hapludults, Dystrochrepts","Hapludalfs, Quartzipsamment, Endoaquults, Paleaquults, Alaquods","Kanhapludults","silt loam haplic Luvisol","Udic Boroll","Typic Argiboroll","Aridic Paleustoll","Typic Paleustoll","Hydric Melanudand","Paleudult & Kandidult","Chernic tenosol","Stagnic Cambisol","Stagnic Gleysol","mor-type humus layer","mor-type humus layer","mor-type humus layer","mor-type humus layer","mor-type humus layer","mor-type humus layer","mor-type humus layer","Cambisol","Humic anfisol","Gleyic luvisol","Luvisol","Dystric cambisol","Peaty gley",NA,NA,"Cambisol",NA,"Gleyic luvisol","Luvisol","Dystric cambisol","Peaty gley",NA,NA,"Gelic Cambisol","Oxyaquic Hapludalf","Tyipc Hapludalf","Aeric Haplaquept","Mollic Udifluvent","Aquic Haplustoll","Typic Argiudoll","Orthic Black Chernozem","Andisol","Permafrost","Inceptisol cryept","Gelisol orthel","Gelisol histel","Helena series, Ultisol","Typical Haplaquept","Typical Hapludult","Typical Fluvaquent"
"Zhang2007","10.1016/S1001-0742(07)60052-7","Heidi Voelkel","2017-01-31",114,"Alfisol","Dark grey Luvisol","Gelisols","Coarse- to fine loamy","Fine loamy Haplumbrepts, organic-poor (CL)","Coarse loamy Haplumbrepts, organic-rich (CH)","Fine-loamy Dystrochrept (HMC)","organic-poor (HMC, HMH)","organic-rich (HOC, HOH)","Ulttisol","Ultisol","Ultisol","Ferric podzol","Dystric cambisol","Cambic podzol","Chromic luvisol","Chromic cambisol","Haplocryods, Cryochrepts","Udipsamment","Haplorthods, Fragiorthods","Hapludults, Dystrochrepts","Hapludalfs, Quartzipsamment, Endoaquults, Paleaquults, Alaquods","Kanhapludults","silt loam haplic Luvisol","Udic Boroll","Typic Argiboroll","Aridic Paleustoll","Typic Paleustoll","Hydric Melanudand","Paleudult & Kandidult","Chernic tenosol","Stagnic Cambisol","Stagnic Gleysol","mor-type humus layer","mor-type humus layer","mor-type humus layer","mor-type humus layer","mor-type humus layer","mor-type humus layer","mor-type humus layer","Cambisol","Humic anfisol","Gleyic luvisol","Luvisol","Dystric cambisol","Peaty gley",NA,NA,"Cambisol",NA,"Gleyic luvisol","Luvisol","Dystric cambisol","Peaty gley",NA,NA,"Gelic Cambisol","Oxyaquic Hapludalf","Tyipc Hapludalf","Aeric Haplaquept","Mollic Udifluvent","Aquic Haplustoll","Typic Argiudoll","Orthic Black Chernozem","Andisol","Permafrost","Inceptisol cryept","Gelisol orthel","Gelisol histel","Helena series, Ultisol","Typical Haplaquept","Typical Hapludult","Typical Fluvaquent"
"ZhuCheng2011","10.1016/j.soilbio.2010.12.021","Heidi Voelkel","2017-02-07",122,"Alfisol","Dark grey Luvisol","Gelisols","Coarse- to fine loamy","Fine loamy Haplumbrepts, organic-poor (CL)","Coarse loamy Haplumbrepts, organic-rich (CH)","Fine-loamy Dystrochrept (HMC)","organic-poor (HMC, HMH)","organic-rich (HOC, HOH)","Ulttisol","Ultisol","Ultisol","Ferric podzol","Dystric cambisol","Cambic podzol","Chromic luvisol","Chromic cambisol","Haplocryods, Cryochrepts","Udipsamment","Haplorthods, Fragiorthods","Hapludults, Dystrochrepts","Hapludalfs, Quartzipsamment, Endoaquults, Paleaquults, Alaquods","Kanhapludults","silt loam haplic Luvisol","Udic Boroll","Typic Argiboroll","Aridic Paleustoll","Typic Paleustoll","Hydric Melanudand","Paleudult & Kandidult","Chernic tenosol","Stagnic Cambisol","Stagnic Gleysol","mor-type humus layer","mor-type humus layer","mor-type humus layer","mor-type humus layer","mor-type humus layer","mor-type humus layer","mor-type humus layer","Cambisol","Humic anfisol","Gleyic luvisol","Luvisol","Dystric cambisol","Peaty gley",NA,NA,"Cambisol",NA,"Gleyic luvisol","Luvisol","Dystric cambisol","Peaty gley",NA,NA,"Gelic Cambisol","Oxyaquic Hapludalf","Tyipc Hapludalf","Aeric Haplaquept","Mollic Udifluvent","Aquic Haplustoll","Typic Argiudoll","Orthic Black Chernozem","Andisol","Permafrost","Inceptisol cryept","Gelisol orthel","Gelisol histel","Helena series, Ultisol","Typical Haplaquept","Typical Hapludult","Typical Fluvaquent"
